,F1-Macro,F1-Accuracy,F1-Weighted
LogisticRegression,0.9984849714852434,0.9984848484848485,0.9984849714852434
MultinomialNB,0.9993939383417484,0.9993939393939394,0.9993939383417483
LinearSVC,0.999393812394166,0.9993939393939394,0.999393812394166
RidgeClassifier,0.9992428013502118,0.9992424242424243,0.999242801350212
